<?xml version="1.0" encoding="utf-8"?>
<bwFrame xmlns:xsi="http://www.w3.org/2001/XMLSchema-instance" xmlns:xsd="http://www.w3.org/2001/XMLSchema" default_layout="npnxnanbnsnfns00000000001" textdirection="rtl" device="true" fontscale="100" kbshortcuts="false" skip_nav_enabled="true" chromeless="false" outputtype="undefined" theme="unified">
  <layouts>
    <layout name="npnxnanbsnfns00000000001" font="Calibri" controllayout="npnxnanbsnfns00000000001" colorscheme="npnxnanbnsnfns00000000001" string_table="npnxnanbnsnfns00000000001" />
    <layout name="pxabnsnfns00000000001" font="Calibri" controllayout="pxabnsnfns00000000001" colorscheme="npnxnanbnsnfns00000000001" string_table="npnxnanbnsnfns00000000001" />
    <layout name="npxnabnsnfns00000000001" font="Calibri" controllayout="npxnabnsnfns00000000001" colorscheme="npnxnanbnsnfns00000000001" string_table="npnxnanbnsnfns00000000001" />
    <layout name="npnxnanbnsnfns00000000001" font="Calibri" controllayout="npnxnanbnsnfns00000000001" colorscheme="npnxnanbnsnfns00000000001" string_table="npnxnanbnsnfns00000000001" />
    <layout name="pxabnsnfns00000000000" font="Calibri" controllayout="pxabnsnfns00000000000" colorscheme="npnxnanbnsnfns00000000001" string_table="npnxnanbnsnfns00000000001" />
  </layouts>
  <control_options>
    <optiongroups>
      <optiongroup name="sidebaroptions">
        <options>
          <option name="title_enabled" value="true">
            <options>
              <option name="title_text" value="Privacy" />
            </options>
          </option>
          <option name="logo_enabled" value="false">
            <options />
          </option>
          <option name="sidebar_enabled" value="false">
            <options>
              <option name="sidebarpos" value="left" />
              <option name="closed" value="false" />
            </options>
          </option>
          <optionlist name="tabs">
            <listitems>
              <listitem name="resources" value="false" group="linkright" />
              <listitem name="outline" value="false" group="sidebar" />
              <listitem name="glossary" value="false" group="sidebar" />
              <listitem name="transcript" value="false" group="sidebar" />
            </listitems>
          </optionlist>
          <option name="time_enabled" value="false">
            <options>
              <option name="time_format" value="" />
            </options>
          </option>
          <option name="video_enabled" value="false">
            <options>
              <option name="height" value="135" />
            </options>
          </option>
        </options>
      </optiongroup>
      <optiongroup name="menuoptions">
        <options>
          <option name="flow" value="free" />
          <option name="wraplistitems" value="false" />
          <option name="tooltips" value="true" />
          <option name="autocollapse" value="true" />
          <option name="autonumber" value="false" />
          <option name="enableresultsicons" value="true" />
        </options>
      </optiongroup>
      <optiongroup name="controls">
        <options>
          <option name="volume" value="false" />
          <option name="seekbar" value="false">
            <options>
              <option name="readonly" value="false" />
              <option name="readonlyOnce" value="false" />
            </options>
          </option>
          <option name="pauseplay" value="false" />
          <option name="replay" value="false" />
          <option name="search" value="false" />
          <option name="closed_captions" value="false">
            <options>
              <option name="font" value="Calibri" />
            </options>
          </option>
        </options>
      </optiongroup>
      <optiongroup name="bottombaroptions">
        <options>
          <option name="bottombar_enabled" value="false" />
        </options>
      </optiongroup>
      <optiongroup name="buttonoptions">
        <options>
          <option name="next" value="icon" />
          <option name="previous" value="icon" />
          <option name="submit" value="icon" />
        </options>
      </optiongroup>
    </optiongroups>
  </control_options>
  <control_layouts>
    <control_layout name="npnxnanbsnfns00000000001">
      <control name="volume" enabled="false" />
      <control name="seekbar" enabled="false" />
      <control name="replay" enabled="false" />
      <control name="pauseplay" enabled="false" />
      <control name="logo" enabled="false" />
      <control name="previous" enabled="false" />
      <control name="next" enabled="false" />
      <control name="swipeleft" enabled="false" />
      <control name="swiperight" enabled="false" />
      <control name="submit" enabled="true" />
      <control name="finish" enabled="false" />
      <control name="submitall" enabled="false" />
      <control name="resources" enabled="false" />
      <control name="glossary" enabled="false" />
      <control name="transcript" enabled="false" />
      <control name="outline" enabled="false">
        <controls>
          <control name="search" enabled="false" />
        </controls>
      </control>
      <control name="close_btn" enabled="true" />
    </control_layout>
    <control_layout name="pxabnsnfns00000000001">
      <control name="volume" enabled="false" />
      <control name="seekbar" enabled="false" />
      <control name="replay" enabled="false" />
      <control name="pauseplay" enabled="false" />
      <control name="logo" enabled="false" />
      <control name="previous" enabled="true" />
      <control name="next" enabled="true" />
      <control name="swipeleft" enabled="true" />
      <control name="swiperight" enabled="true" />
      <control name="submit" enabled="false" />
      <control name="finish" enabled="false" />
      <control name="submitall" enabled="false" />
      <control name="resources" enabled="false" />
      <control name="glossary" enabled="false" />
      <control name="transcript" enabled="false" />
      <control name="outline" enabled="false">
        <controls>
          <control name="search" enabled="false" />
        </controls>
      </control>
      <control name="close_btn" enabled="true" />
    </control_layout>
    <control_layout name="npxnabnsnfns00000000001">
      <control name="volume" enabled="false" />
      <control name="seekbar" enabled="false" />
      <control name="replay" enabled="false" />
      <control name="pauseplay" enabled="false" />
      <control name="logo" enabled="false" />
      <control name="previous" enabled="false" />
      <control name="next" enabled="true" />
      <control name="swipeleft" enabled="false" />
      <control name="swiperight" enabled="true" />
      <control name="submit" enabled="false" />
      <control name="finish" enabled="false" />
      <control name="submitall" enabled="false" />
      <control name="resources" enabled="false" />
      <control name="glossary" enabled="false" />
      <control name="transcript" enabled="false" />
      <control name="outline" enabled="false">
        <controls>
          <control name="search" enabled="false" />
        </controls>
      </control>
      <control name="close_btn" enabled="true" />
    </control_layout>
    <control_layout name="npnxnanbnsnfns00000000001">
      <control name="volume" enabled="false" />
      <control name="seekbar" enabled="false" />
      <control name="replay" enabled="false" />
      <control name="pauseplay" enabled="false" />
      <control name="logo" enabled="false" />
      <control name="previous" enabled="false" />
      <control name="next" enabled="false" />
      <control name="swipeleft" enabled="false" />
      <control name="swiperight" enabled="false" />
      <control name="submit" enabled="false" />
      <control name="finish" enabled="false" />
      <control name="submitall" enabled="false" />
      <control name="resources" enabled="false" />
      <control name="glossary" enabled="false" />
      <control name="transcript" enabled="false" />
      <control name="outline" enabled="false">
        <controls>
          <control name="search" enabled="false" />
        </controls>
      </control>
      <control name="close_btn" enabled="true" />
    </control_layout>
    <control_layout name="pxabnsnfns00000000000">
      <control name="volume" enabled="false" />
      <control name="seekbar" enabled="false" />
      <control name="replay" enabled="false" />
      <control name="pauseplay" enabled="false" />
      <control name="logo" enabled="false" />
      <control name="previous" enabled="true" />
      <control name="next" enabled="true" />
      <control name="swipeleft" enabled="true" />
      <control name="swiperight" enabled="true" />
      <control name="submit" enabled="false" />
      <control name="finish" enabled="false" />
      <control name="submitall" enabled="false" />
      <control name="resources" enabled="false" />
      <control name="glossary" enabled="false" />
      <control name="transcript" enabled="false" />
      <control name="outline" enabled="false">
        <controls>
          <control name="search" enabled="false" />
        </controls>
      </control>
      <control name="close_btn" enabled="false" />
    </control_layout>
  </control_layouts>
  <colorschemes>
    <colorscheme name="npnxnanbnsnfns00000000001">
      <color_group name="HTML">
        <group_colors>
          <color name="htmlpage_bg_color">
            <fill type="linear" rotation="90">
              <colors>
                <color rgb="0x282828" alpha="100" stop="0" />
              </colors>
            </fill>
          </color>
          <color name="preloader">
            <fill type="linear" rotation="90">
              <colors>
                <color rgb="0xFFFFFF" alpha="100" stop="0" />
              </colors>
            </fill>
          </color>
        </group_colors>
      </color_group>
      <color_group name="infopanel">
        <group_colors>
          <color name="link_text">
            <fill type="linear" rotation="90">
              <colors>
                <color rgb="0xB4B4B4" alpha="100" stop="0" />
              </colors>
            </fill>
          </color>
          <color name="link_hover">
            <fill type="linear" rotation="90">
              <colors>
                <color rgb="0xFFFFFF" alpha="100" stop="0" />
              </colors>
            </fill>
          </color>
          <color name="shadow">
            <fill type="linear" rotation="90">
              <colors>
                <color rgb="0x000000" alpha="0" stop="0" />
              </colors>
            </fill>
          </color>
          <color name="bg">
            <fill type="linear" rotation="90">
              <colors>
                <color rgb="0xFFFFFF" alpha="100" stop="0" />
              </colors>
            </fill>
          </color>
          <color name="name_text">
            <fill type="linear" rotation="90">
              <colors>
                <color rgb="0x444444" alpha="100" stop="0" />
              </colors>
            </fill>
          </color>
          <color name="title_text">
            <fill type="linear" rotation="90">
              <colors>
                <color rgb="0x999999" alpha="100" stop="0" />
              </colors>
            </fill>
          </color>
        </group_colors>
      </color_group>
      <color_group name="infopanelpopup">
        <group_colors>
          <color name="link_text">
            <fill type="linear" rotation="90">
              <colors>
                <color rgb="0xFF0000" alpha="100" stop="0" />
              </colors>
            </fill>
          </color>
          <color name="link_hover">
            <fill type="linear" rotation="90">
              <colors>
                <color rgb="0xFFFFFF" alpha="100" stop="0" />
              </colors>
            </fill>
          </color>
          <color name="bg">
            <fill type="linear" rotation="90">
              <colors>
                <color rgb="0x000000" alpha="0" stop="0" />
              </colors>
            </fill>
          </color>
          <color name="shadow">
            <fill type="linear" rotation="90">
              <colors>
                <color rgb="0x000000" alpha="0" stop="0" />
              </colors>
            </fill>
          </color>
          <color name="name_text">
            <fill type="linear" rotation="90">
              <colors>
                <color rgb="0xFFFFFF" alpha="100" stop="0" />
              </colors>
            </fill>
          </color>
          <color name="bio_text">
            <fill type="linear" rotation="90">
              <colors>
                <color rgb="0xB4B4B4" alpha="100" stop="0" />
              </colors>
            </fill>
          </color>
        </group_colors>
      </color_group>
      <color_group name="timer">
        <group_colors>
          <color name="duration">
            <fill type="linear" rotation="90">
              <colors>
                <color rgb="0x3C3C3C" alpha="100" stop="0" />
              </colors>
            </fill>
          </color>
          <color name="elapsed">
            <fill type="linear" rotation="90">
              <colors>
                <color rgb="0xFEE347" alpha="100" stop="0" />
              </colors>
            </fill>
          </color>
          <color name="stroke">
            <fill type="linear" rotation="90">
              <colors>
                <color rgb="0xC7C7C7" alpha="100" stop="0" />
              </colors>
            </fill>
          </color>
          <color name="inner">
            <fill type="linear" rotation="90">
              <colors>
                <color rgb="0xFFFFFF" alpha="100" stop="0" />
              </colors>
            </fill>
          </color>
          <color name="text">
            <fill type="linear" rotation="90">
              <colors>
                <color rgb="0xB4B4B4" alpha="100" stop="0" />
              </colors>
            </fill>
          </color>
        </group_colors>
      </color_group>
      <color_group name="window">
        <group_colors>
          <color name="text">
            <fill type="linear" rotation="90">
              <colors>
                <color rgb="0xFFFFFF" alpha="100" stop="0" />
              </colors>
            </fill>
          </color>
          <color name="inner">
            <fill type="linear" rotation="90">
              <colors>
                <color rgb="0x316300" alpha="0" stop="0" />
              </colors>
            </fill>
          </color>
          <color name="bg">
            <fill type="linear" rotation="90">
              <colors>
                <color rgb="0x222222" alpha="100" stop="0" />
              </colors>
            </fill>
          </color>
          <color name="diva">
            <fill type="linear" rotation="90">
              <colors>
                <color rgb="0x4E4E4E" alpha="100" stop="0" />
              </colors>
            </fill>
          </color>
          <color name="divb">
            <fill type="linear" rotation="90">
              <colors>
                <color rgb="0x4E4E4E" alpha="0" stop="0" />
              </colors>
            </fill>
          </color>
          <color name="shadow">
            <fill type="linear" rotation="90">
              <colors>
                <color rgb="0x000000" alpha="20" stop="0" />
              </colors>
            </fill>
          </color>
        </group_colors>
      </color_group>
      <color_group name="editor">
        <group_colors>
          <color name="slide_text">
            <fill type="linear" rotation="90">
              <colors>
                <color rgb="0xE2E2E2" alpha="100" stop="0" />
              </colors>
            </fill>
          </color>
          <color name="html_text">
            <fill type="linear" rotation="90">
              <colors>
                <color rgb="0xB4B4B4" alpha="100" stop="0" />
              </colors>
            </fill>
          </color>
          <color name="btn_text_shadow">
            <fill type="linear" rotation="90">
              <colors>
                <color rgb="0x000000" alpha="0" stop="0" />
              </colors>
            </fill>
          </color>
          <color name="btn_text">
            <fill type="linear" rotation="90">
              <colors>
                <color rgb="0xFFFFFF" alpha="100" stop="0" />
              </colors>
            </fill>
          </color>
          <color name="btn_border">
            <fill type="linear" rotation="90">
              <colors>
                <color rgb="0xD3D3D3" alpha="100" stop="0" />
              </colors>
            </fill>
          </color>
          <color name="btn_hover">
            <fill type="linear" rotation="90">
              <colors>
                <color rgb="0x444444" alpha="100" stop="0" />
              </colors>
            </fill>
          </color>
          <color name="btn_down">
            <fill type="linear" rotation="90">
              <colors>
                <color rgb="0x444444" alpha="100" stop="0" />
              </colors>
            </fill>
          </color>
          <color name="btn_bg">
            <fill type="linear" rotation="90">
              <colors>
                <color rgb="0x222222" alpha="100" stop="0" />
              </colors>
            </fill>
          </color>
        </group_colors>
      </color_group>
      <color_group name="listitem">
        <group_colors>
          <color name="scene_text">
            <fill type="linear" rotation="90">
              <colors>
                <color rgb="0xFFFFFF" alpha="100" stop="0" />
              </colors>
            </fill>
          </color>
          <color name="selected_text">
            <fill type="linear" rotation="90">
              <colors>
                <color rgb="0xFFFFFF" alpha="100" stop="0" />
              </colors>
            </fill>
          </color>
          <color name="shadow">
            <fill type="linear" rotation="90">
              <colors>
                <color rgb="0x000000" alpha="0" stop="0" />
              </colors>
            </fill>
          </color>
          <color name="selected">
            <fill type="linear" rotation="90">
              <colors>
                <color rgb="0x212121" alpha="100" stop="0" />
              </colors>
            </fill>
          </color>
          <color name="text">
            <fill type="linear" rotation="90">
              <colors>
                <color rgb="0xB4B4B4" alpha="100" stop="0" />
              </colors>
            </fill>
          </color>
          <color name="viewed">
            <fill type="linear" rotation="90">
              <colors>
                <color rgb="0x555555" alpha="100" stop="0" />
              </colors>
            </fill>
          </color>
          <color name="hover">
            <fill type="linear" rotation="90">
              <colors>
                <color rgb="0x212121" alpha="100" stop="0" />
              </colors>
            </fill>
          </color>
          <color name="lines">
            <fill type="linear" rotation="90">
              <colors>
                <color rgb="0x000000" alpha="0" stop="0" />
              </colors>
            </fill>
          </color>
        </group_colors>
      </color_group>
      <color_group name="glossary">
        <group_colors>
          <color name="selected_text">
            <fill type="linear" rotation="90">
              <colors>
                <color rgb="0xFFFFFF" alpha="100" stop="0" />
              </colors>
            </fill>
          </color>
          <color name="selected">
            <fill type="linear" rotation="90">
              <colors>
                <color rgb="0xFFFFFF" alpha="100" stop="0" />
              </colors>
            </fill>
          </color>
          <color name="text">
            <fill type="linear" rotation="90">
              <colors>
                <color rgb="0xB4B4B4" alpha="100" stop="0" />
              </colors>
            </fill>
          </color>
          <color name="hover">
            <fill type="linear" rotation="90">
              <colors>
                <color rgb="0xB4B4B4" alpha="100" stop="0" />
              </colors>
            </fill>
          </color>
          <color name="heading_text">
            <fill type="linear" rotation="90">
              <colors>
                <color rgb="0xFFFFFF" alpha="100" stop="0" />
              </colors>
            </fill>
          </color>
          <color name="diva">
            <fill type="linear" rotation="90">
              <colors>
                <color rgb="0x000000" alpha="0" stop="0" />
              </colors>
            </fill>
          </color>
          <color name="divb">
            <fill type="linear" rotation="90">
              <colors>
                <color rgb="0x000000" alpha="0" stop="0" />
              </colors>
            </fill>
          </color>
          <color name="divc">
            <fill type="linear" rotation="90">
              <colors>
                <color rgb="0x000000" alpha="0" stop="0" />
              </colors>
            </fill>
          </color>
          <color name="bg">
            <fill type="linear" rotation="90">
              <colors>
                <color rgb="0x000000" alpha="0" stop="0" />
              </colors>
            </fill>
          </color>
        </group_colors>
      </color_group>
      <color_group name="resource">
        <group_colors>
          <color name="separator">
            <fill type="linear" rotation="90">
              <colors>
                <color rgb="0x000000" alpha="0" stop="0" />
              </colors>
            </fill>
          </color>
          <color name="hover">
            <fill type="linear" rotation="90">
              <colors>
                <color rgb="0x404040" alpha="100" stop="0" />
              </colors>
            </fill>
          </color>
        </group_colors>
      </color_group>
      <color_group name="outline">
        <group_colors>
          <color name="search_hover">
            <fill type="linear" rotation="90">
              <colors>
                <color rgb="0x000000" alpha="0" stop="0" />
              </colors>
            </fill>
          </color>
          <color name="search_text">
            <fill type="linear" rotation="90">
              <colors>
                <color rgb="0x2D2D2D" alpha="100" stop="0" />
              </colors>
            </fill>
          </color>
          <color name="divc">
            <fill type="linear" rotation="90">
              <colors>
                <color rgb="0x000000" alpha="0" stop="0" />
              </colors>
            </fill>
          </color>
          <color name="divb">
            <fill type="linear" rotation="90">
              <colors>
                <color rgb="0x000000" alpha="0" stop="0" />
              </colors>
            </fill>
          </color>
          <color name="diva">
            <fill type="linear" rotation="90">
              <colors>
                <color rgb="0x000000" alpha="0" stop="0" />
              </colors>
            </fill>
          </color>
        </group_colors>
      </color_group>
      <color_group name="transcript">
        <group_colors>
          <color name="heading_text">
            <fill type="linear" rotation="90">
              <colors>
                <color rgb="0xFFFFFF" alpha="100" stop="0" />
              </colors>
            </fill>
          </color>
          <color name="div">
            <fill type="linear" rotation="90">
              <colors>
                <color rgb="0x000000" alpha="0" stop="0" />
              </colors>
            </fill>
          </color>
        </group_colors>
      </color_group>
      <color_group name="tabs">
        <group_colors>
          <color name="shadow">
            <fill type="linear" rotation="90">
              <colors>
                <color rgb="0x000000" alpha="0" stop="0" />
              </colors>
            </fill>
          </color>
          <color name="hover">
            <fill type="linear" rotation="90">
              <colors>
                <color rgb="0xFFFFFF" alpha="100" stop="0" />
              </colors>
            </fill>
          </color>
          <color name="selected">
            <fill type="linear" rotation="90">
              <colors>
                <color rgb="0xFFFFFF" alpha="100" stop="0" />
              </colors>
            </fill>
          </color>
          <color name="text">
            <fill type="linear" rotation="90">
              <colors>
                <color rgb="0xB4B4B4" alpha="100" stop="0" />
              </colors>
            </fill>
          </color>
          <color name="bg">
            <fill type="linear" rotation="90">
              <colors>
                <color rgb="0x000000" alpha="0" stop="0" />
              </colors>
            </fill>
          </color>
          <color name="panel_bg">
            <fill type="linear" rotation="90">
              <colors>
                <color rgb="0x323232" alpha="100" stop="0" />
              </colors>
            </fill>
          </color>
          <color name="bottom_border">
            <fill type="linear" rotation="90">
              <colors>
                <color rgb="0x313131" alpha="100" stop="0" />
              </colors>
            </fill>
          </color>
        </group_colors>
      </color_group>
      <color_group name="seekcontrol">
        <group_colors>
          <color name="btn_icon_color">
            <fill type="linear" rotation="90">
              <colors>
                <color rgb="0xB4B4B4" alpha="100" stop="0" />
              </colors>
            </fill>
          </color>
          <color name="seek_position">
            <fill type="linear" rotation="90">
              <colors>
                <color rgb="0xFFFFFF" alpha="20" stop="0" />
              </colors>
            </fill>
          </color>
          <color name="seek_bg">
            <fill type="linear" rotation="90">
              <colors>
                <color rgb="0x3C3C3C" alpha="100" stop="0" />
              </colors>
            </fill>
          </color>
          <color name="seek_border">
            <fill type="linear" rotation="90">
              <colors>
                <color rgb="0x000000" alpha="0" stop="0" />
              </colors>
            </fill>
          </color>
          <color name="border">
            <fill type="linear" rotation="90">
              <colors>
                <color rgb="0x000000" alpha="0" stop="0" />
              </colors>
            </fill>
          </color>
          <color name="bg">
            <fill type="linear" rotation="90">
              <colors>
                <color rgb="0x000000" alpha="0" stop="0" />
              </colors>
            </fill>
          </color>
          <color name="btn_icon_hover">
            <fill type="linear" rotation="90">
              <colors>
                <color rgb="0xFFFFFF" alpha="100" stop="0" />
              </colors>
            </fill>
          </color>
          <color name="btn_icon_shadow">
            <fill type="linear" rotation="90">
              <colors>
                <color rgb="0x000000" alpha="0" stop="0" />
              </colors>
            </fill>
          </color>
        </group_colors>
      </color_group>
      <color_group name="searchinput">
        <group_colors>
          <color name="text_active">
            <fill type="linear" rotation="90">
              <colors>
                <color rgb="0xF8F8F8" alpha="100" stop="0" />
              </colors>
            </fill>
          </color>
          <color name="bg_active">
            <fill type="linear" rotation="90">
              <colors>
                <color rgb="0x292929" alpha="100" stop="0" />
              </colors>
            </fill>
          </color>
          <color name="search_text">
            <fill type="linear" rotation="90">
              <colors>
                <color rgb="0xAAAAAA" alpha="100" stop="0" />
              </colors>
            </fill>
          </color>
          <color name="hover_glow">
            <fill type="linear" rotation="90">
              <colors>
                <color rgb="0x457E13" alpha="0" stop="0" />
              </colors>
            </fill>
          </color>
          <color name="button_hover">
            <fill type="linear" rotation="90">
              <colors>
                <color rgb="0x3F8500" alpha="100" stop="0" />
              </colors>
            </fill>
          </color>
          <color name="icon">
            <fill type="linear" rotation="90">
              <colors>
                <color rgb="0xFFFFFF" alpha="100" stop="0" />
              </colors>
            </fill>
          </color>
          <color name="border">
            <fill type="linear" rotation="90">
              <colors>
                <color rgb="0x000000" alpha="0" stop="0" />
              </colors>
            </fill>
          </color>
          <color name="bg">
            <fill type="linear" rotation="90">
              <colors>
                <color rgb="0x3C3C3C" alpha="100" stop="0" />
              </colors>
            </fill>
          </color>
          <color name="bg_in_tab">
            <fill type="linear" rotation="90">
              <colors>
                <color rgb="0x545454" alpha="100" stop="0" />
              </colors>
            </fill>
          </color>
        </group_colors>
      </color_group>
      <color_group name="scrollarea">
        <group_colors>
          <color name="detailb">
            <fill type="linear" rotation="90">
              <colors>
                <color rgb="0x6AA242" alpha="100" stop="0" />
              </colors>
            </fill>
          </color>
          <color name="detaila">
            <fill type="linear" rotation="90">
              <colors>
                <color rgb="0x2A5400" alpha="100" stop="0" />
              </colors>
            </fill>
          </color>
          <color name="shadow">
            <fill type="linear" rotation="90">
              <colors>
                <color rgb="0x275000" alpha="100" stop="0" />
              </colors>
            </fill>
          </color>
          <color name="icons">
            <fill type="linear" rotation="90">
              <colors>
                <color rgb="0xFFFFFF" alpha="100" stop="0" />
              </colors>
            </fill>
          </color>
          <color name="button_border">
            <fill type="linear" rotation="90">
              <colors>
                <color rgb="0x2A5500" alpha="100" stop="0" />
              </colors>
            </fill>
          </color>
          <color name="button_inner">
            <fill type="linear" rotation="90">
              <colors>
                <color rgb="0x4B8A16" alpha="100" stop="0" />
              </colors>
            </fill>
          </color>
          <color name="button_bg">
            <fill type="linear" rotation="90">
              <colors>
                <color rgb="0x494949" alpha="100" stop="0" />
              </colors>
            </fill>
          </color>
          <color name="button_bg_hover">
            <fill type="linear" rotation="90">
              <colors>
                <color rgb="0x7B7B7B" alpha="100" stop="0" />
              </colors>
            </fill>
          </color>
          <color name="border">
            <fill type="linear" rotation="90">
              <colors>
                <color rgb="0x479901" alpha="100" stop="0" />
              </colors>
            </fill>
          </color>
          <color name="bg">
            <fill type="linear" rotation="0">
              <colors>
                <color rgb="0x366F00" alpha="100" stop="0" />
              </colors>
            </fill>
          </color>
        </group_colors>
      </color_group>
      <color_group name="menu">
        <group_colors>
          <color name="shadow">
            <fill type="linear" rotation="90">
              <colors>
                <color rgb="0x000000" alpha="0" stop="0" />
              </colors>
            </fill>
          </color>
          <color name="bg">
            <fill type="linear" rotation="90">
              <colors>
                <color rgb="0x1B1B1B" alpha="100" stop="0" />
              </colors>
            </fill>
          </color>
          <color name="generic_shadow">
            <fill type="linear" rotation="90">
              <colors>
                <color rgb="0x000000" alpha="40" stop="0" />
              </colors>
            </fill>
          </color>
          <color name="right_shadow">
            <fill type="linear" rotation="0">
              <colors>
                <color rgb="0x000000" alpha="0" stop="0" />
                <color rgb="0x000000" alpha="30" stop="255" />
              </colors>
            </fill>
          </color>
        </group_colors>
      </color_group>
      <color_group name="logo">
        <group_colors>
          <color name="shadow">
            <fill type="linear" rotation="90">
              <colors>
                <color rgb="0x254B00" alpha="100" stop="0" />
              </colors>
            </fill>
          </color>
          <color name="bg">
            <fill type="linear" rotation="90">
              <colors>
                <color rgb="0xFFFFFF" alpha="0" stop="0" />
              </colors>
            </fill>
          </color>
        </group_colors>
      </color_group>
      <color_group name="checkbox">
        <group_colors>
          <color name="hover">
            <fill type="linear" rotation="90">
              <colors>
                <color rgb="0xAFDD82" alpha="100" stop="0" />
              </colors>
            </fill>
          </color>
          <color name="text">
            <fill type="linear" rotation="90">
              <colors>
                <color rgb="0xFFFFFF" alpha="100" stop="0" />
              </colors>
            </fill>
          </color>
          <color name="check">
            <fill type="linear" rotation="90">
              <colors>
                <color rgb="0x2BC400" alpha="100" stop="0" />
              </colors>
            </fill>
          </color>
          <color name="bg">
            <fill type="linear" rotation="90">
              <colors>
                <color rgb="0xFFFFFF" alpha="100" stop="0" />
              </colors>
            </fill>
          </color>
          <color name="border">
            <fill type="linear" rotation="90">
              <colors>
                <color rgb="0x2A5300" alpha="100" stop="0" />
              </colors>
            </fill>
          </color>
        </group_colors>
      </color_group>
      <color_group name="button">
        <group_colors>
          <color name="btn_icon_color">
            <fill type="linear" rotation="90">
              <colors>
                <color rgb="0xB4B4B4" alpha="100" stop="0" />
              </colors>
            </fill>
          </color>
          <color name="btn_text_shadow">
            <fill type="linear" rotation="90">
              <colors>
                <color rgb="0x000000" alpha="0" stop="0" />
              </colors>
            </fill>
          </color>
          <color name="btn_text">
            <fill type="linear" rotation="90">
              <colors>
                <color rgb="0xB4B4B4" alpha="100" stop="0" />
              </colors>
            </fill>
          </color>
          <color name="btn_border">
            <fill type="linear" rotation="90">
              <colors>
                <color rgb="0x000000" alpha="0" stop="0" />
              </colors>
            </fill>
          </color>
          <color name="btn_hover">
            <fill type="linear" rotation="90">
              <colors>
                <color rgb="0xFFFFFF" alpha="100" stop="0" />
              </colors>
            </fill>
          </color>
          <color name="btn_down">
            <fill type="linear" rotation="90">
              <colors>
                <color rgb="0x000000" alpha="0" stop="0" />
              </colors>
            </fill>
          </color>
          <color name="btn_bg">
            <fill type="linear" rotation="90">
              <colors>
                <color rgb="0x000000" alpha="0" stop="0" />
              </colors>
            </fill>
          </color>
          <color name="btn_glow">
            <fill type="linear" rotation="90">
              <colors>
                <color rgb="0x000000" alpha="0" stop="0" />
              </colors>
            </fill>
          </color>
        </group_colors>
      </color_group>
      <color_group name="base">
        <group_colors>
          <color name="brandhighlight">
            <fill type="linear" rotation="90">
              <colors>
                <color rgb="0x4F81BD" alpha="100" stop="0" />
              </colors>
            </fill>
          </color>
          <color name="text">
            <fill type="linear" rotation="90">
              <colors>
                <color rgb="0xB4B4B4" alpha="100" stop="0" />
              </colors>
            </fill>
          </color>
          <color name="text_hover">
            <fill type="linear" rotation="90">
              <colors>
                <color rgb="0xFFFFFF" alpha="100" stop="0" />
              </colors>
            </fill>
          </color>
          <color name="text_selected">
            <fill type="linear" rotation="90">
              <colors>
                <color rgb="0xFFFFFF" alpha="100" stop="0" />
              </colors>
            </fill>
          </color>
          <color name="diva">
            <fill type="linear" rotation="90">
              <colors>
                <color rgb="0x555555" alpha="100" stop="0" />
              </colors>
            </fill>
          </color>
          <color name="divb">
            <fill type="linear" rotation="90">
              <colors>
                <color rgb="0x000000" alpha="0" stop="0" />
              </colors>
            </fill>
          </color>
          <color name="menu_shade">
            <fill type="linear" rotation="90">
              <colors>
                <color rgb="0x1B1B1B" alpha="100" stop="0" />
              </colors>
            </fill>
          </color>
          <color name="border">
            <fill type="linear" rotation="90">
              <colors>
                <color rgb="0x282828" alpha="100" stop="0" />
              </colors>
            </fill>
          </color>
          <color name="bg">
            <fill type="linear" rotation="90">
              <colors>
                <color rgb="0x282828" alpha="100" stop="0" />
              </colors>
            </fill>
          </color>
          <color name="slide_bg">
            <fill type="linear" rotation="90">
              <colors>
                <color rgb="0x282828" alpha="100" stop="0" />
              </colors>
            </fill>
          </color>
          <color name="overlay_message">
            <fill type="linear" rotation="90">
              <colors>
                <color rgb="0x000000" alpha="85" stop="0" />
              </colors>
            </fill>
          </color>
        </group_colors>
      </color_group>
      <color_group name="volume">
        <group_colors>
          <color name="panel_bg">
            <fill type="linear" rotation="90">
              <colors>
                <color rgb="0x323232" alpha="100" stop="0" />
              </colors>
            </fill>
          </color>
          <color name="thumb_border">
            <fill type="linear" rotation="90">
              <colors>
                <color rgb="0x2B5500" alpha="100" stop="0" />
              </colors>
            </fill>
          </color>
          <color name="thumb_inner">
            <fill type="linear" rotation="90">
              <colors>
                <color rgb="0x2B5500" alpha="100" stop="0" />
              </colors>
            </fill>
          </color>
          <color name="thumb_bg">
            <fill type="linear" rotation="90">
              <colors>
                <color rgb="0xFFFFFF" alpha="100" stop="0" />
              </colors>
            </fill>
          </color>
          <color name="slider_border">
            <fill type="linear" rotation="90">
              <colors>
                <color rgb="0x428C01" alpha="100" stop="0" />
              </colors>
            </fill>
          </color>
          <color name="slider_bg">
            <fill type="linear" rotation="0">
              <colors>
                <color rgb="0x3C3C3C" alpha="100" stop="0" />
              </colors>
            </fill>
          </color>
          <color name="slider_shadow">
            <fill type="linear" rotation="90">
              <colors>
                <color rgb="0x000000" alpha="40" stop="0" />
              </colors>
            </fill>
          </color>
        </group_colors>
      </color_group>
    </colorscheme>
  </colorschemes>
  <string_tables>
    <string_table name="npnxnanbnsnfns00000000001">
      <string id="acc_active">active</string>
      <string id="check_include">Check to include</string>
      <string id="clear">Clear and return to menu</string>
      <string id="close">Close</string>
      <string id="acc_closed_captions">Closed captions. Press the spacebar to toggle captions on and off.</string>
      <string id="continue">Continue</string>
      <string id="continueresponsive">Continue</string>
      <string id="exit">Exit</string>
      <string id="filter">Filter</string>
      <string id="finish">FINISH</string>
      <string id="acc_finish">finish</string>
      <string id="definition">Definition</string>
      <string id="acc_definition">definition</string>
      <string id="glossary">Glossary</string>
      <string id="terms">Terms</string>
      <string id="outline">Menu</string>
      <string id="disabled_orientation">Please rotate your device</string>
      <string id="next">NEXT</string>
      <string id="acc_next">next</string>
      <string id="transcript_chk">Notes</string>
      <string id="transcript">Notes</string>
      <string id="bio">Bio</string>
      <string id="more_info">More info</string>
      <string id="closed_captions">Captions</string>
      <string id="acc_pause">pause</string>
      <string id="acc_play">play</string>
      <string id="send_an_email">Send an email</string>
      <string id="prev">PREV</string>
      <string id="acc_previous">previous</string>
      <string id="question_list">Question List</string>
      <string id="acc_replay">replay</string>
      <string id="resources">Resources</string>
      <string id="acc_resources">resources</string>
      <string id="restart">Restart</string>
      <string id="resume">Resume</string>
      <string id="search">Search...</string>
      <string id="acc_search_input">search</string>
      <string id="search_in">Search in:</string>
      <string id="search_results">Search Results</string>
      <string id="acc_skipnavigation">Skip navigation. Press enter to return to the slide.</string>
      <string id="slide_text_chk">Slide Text</string>
      <string id="submitall">SUBMIT ALL</string>
      <string id="acc_submitall">submit all</string>
      <string id="submit">SUBMIT</string>
      <string id="acc_submit">submit</string>
      <string id="acc_volume">volume</string>
    </string_table>
  </string_tables>
  <fonts>
    <font name="Calibri">
      <files>
        <file bold="true" italic="false" />
        <file bold="false" italic="false" />
      </files>
    </font>
  </fonts>
  <sounds enabled="true" />
  <nav_data>
    <outline>
      <links>
        <slidelink slideid="_player.5xAhSjn5KaN" displaytext="Untitled Scene" expand="true" type="slide">
          <links>
            <slidelink slideid="_player.5xAhSjn5KaN.6p3ZJkc7c6R" displaytext="פתיחה" expand="false" type="slide" />
            <slidelink slideid="_player.5xAhSjn5KaN.6OlsZxz49nt" displaytext="MENU" expand="false" type="slide" />
            <slidelink slideid="_player.5xAhSjn5KaN.68CMSzagYw1" displaytext="Games" expand="false" type="slide" />
            <slidelink slideid="_player.5xAhSjn5KaN.5YZpNNRqOpk" displaytext="Snapchat" expand="false" type="slide" />
            <slidelink slideid="_player.5xAhSjn5KaN.6CHQmtCynlo" displaytext="Apps" expand="false" type="slide" />
            <slidelink slideid="_player.5xAhSjn5KaN.62xkc7VhPTf" displaytext="TikTok- about" expand="false" type="slide" />
            <slidelink slideid="_player.5xAhSjn5KaN.6PvUP7RWcLj" displaytext="TikTok- about" expand="false" type="slide" />
            <slidelink slideid="_player.5xAhSjn5KaN.5a7hdoz5GbX" displaytext="VA" expand="false" type="slide" />
            <slidelink slideid="_player.5xAhSjn5KaN.66nwENKPwBU" displaytext="Social Networks" expand="false" type="slide" />
            <slidelink slideid="_player.5xAhSjn5KaN.6K7DE9Xr2ub" displaytext="WhatsApp" expand="false" type="slide" />
            <slidelink slideid="_player.5xAhSjn5KaN.6YdZ1PdsI8W" displaytext="Instagram" expand="false" type="slide" />
            <slidelink slideid="_player.5xAhSjn5KaN.5fiSLsib8HA" displaytext="Instagram- about" expand="false" type="slide" />
            <slidelink slideid="_player.5xAhSjn5KaN.6TYSbXyvHxp" displaytext="Instagram- about" expand="false" type="slide" />
            <slidelink slideid="_player.5xAhSjn5KaN.5ubEjng9cOD" displaytext="Instagram- about" expand="false" type="slide" />
            <slidelink slideid="_player.5xAhSjn5KaN.6L77NTKX1CR" displaytext="Instagram- avoid" expand="false" type="slide" />
            <slidelink slideid="_player.5xAhSjn5KaN.5l8YwcSlrSX" displaytext="Instagram- avoid" expand="false" type="slide" />
            <slidelink slideid="_player.5xAhSjn5KaN.5eWdQzjrvbj" displaytext="Instagram- avoid" expand="false" type="slide" />
            <slidelink slideid="_player.5xAhSjn5KaN.6Af8zyuagtb" displaytext="Instagram- avoid" expand="false" type="slide" />
            <slidelink slideid="_player.5xAhSjn5KaN.61r9d2TTw7S" displaytext="Instagram- avoid" expand="false" type="slide" />
            <slidelink slideid="_player.5xAhSjn5KaN.6oLGldK74it" displaytext="Instagram- avoid" expand="false" type="slide" />
            <slidelink slideid="_player.5xAhSjn5KaN.6mLmA6q0cmq" displaytext="Instagram- avoid" expand="false" type="slide" />
            <slidelink slideid="_player.5xAhSjn5KaN.6Ju0DhqX371" displaytext="Instagram- avoid" expand="false" type="slide" />
            <slidelink slideid="_player.5xAhSjn5KaN.5bFr1eMYanY" displaytext="Instagram- expose" expand="false" type="slide" />
            <slidelink slideid="_player.5xAhSjn5KaN.61w1WQPfsi1" displaytext="Instagram- expose" expand="false" type="slide" />
            <slidelink slideid="_player.5xAhSjn5KaN.69UOkWPEyYt" displaytext="Instagram- expose" expand="false" type="slide" />
            <slidelink slideid="_player.5xAhSjn5KaN.5fiCW0NRvbS" displaytext="YouTube" expand="false" type="slide" />
            <slidelink slideid="_player.5xAhSjn5KaN.5VADkNG3eHB" displaytext="YouTube- about" expand="false" type="slide" />
            <slidelink slideid="_player.5xAhSjn5KaN.6ic03lVkEct" displaytext="YouTube- about" expand="false" type="slide" />
            <slidelink slideid="_player.5xAhSjn5KaN.5jY1OMyCAmJ" displaytext="YouTube- about" expand="false" type="slide" />
            <slidelink slideid="_player.5xAhSjn5KaN.6LcSD4HjsCz" displaytext="YouTube- expose" expand="false" type="slide" />
            <slidelink slideid="_player.5xAhSjn5KaN.6IblTEipFcI" displaytext="YouTube- avoid" expand="false" type="slide" />
            <slidelink slideid="_player.5xAhSjn5KaN.6JhlK3G5M0G" displaytext="YouTube- expose" expand="false" type="slide" />
            <slidelink slideid="_player.5xAhSjn5KaN.6ZZhlab2gSy" displaytext="YouTube- expose" expand="false" type="slide" />
            <slidelink slideid="_player.5xAhSjn5KaN.5eh0Bebl4Wc" displaytext="YouTube- avoid" expand="false" type="slide" />
            <slidelink slideid="_player.5xAhSjn5KaN.5txmzlzG71a" displaytext="YouTube- avoid" expand="false" type="slide" />
            <slidelink slideid="_player.5xAhSjn5KaN.69DNS48ci8g" displaytext="YouTube- avoid" expand="false" type="slide" />
            <slidelink slideid="_player.5xAhSjn5KaN.6N35WtjX3Iv" displaytext="WhatsApp- about" expand="false" type="slide" />
            <slidelink slideid="_player.5xAhSjn5KaN.68urLFiGIsZ" displaytext="WhatsApp- expose" expand="false" type="slide" />
            <slidelink slideid="_player.5xAhSjn5KaN.5erk9Hjp2wF" displaytext="WhatsApp- avoid" expand="false" type="slide" />
            <slidelink slideid="_player.5xAhSjn5KaN.6TDqz0YxPbl" displaytext="WhatsApp- avoid" expand="false" type="slide" />
            <slidelink slideid="_player.5xAhSjn5KaN.637vr00RFPt" displaytext="WhatsApp- avoid" expand="false" type="slide" />
            <slidelink slideid="_player.5xAhSjn5KaN.6cxHQwv4dye" displaytext="WhatsApp- expose" expand="false" type="slide" />
            <slidelink slideid="_player.5xAhSjn5KaN.6iLzp0X2XHy" displaytext="WhatsApp- avoid" expand="false" type="slide" />
            <slidelink slideid="_player.5xAhSjn5KaN.6WtaiSr9DWr" displaytext="WhatsApp- avoid" expand="false" type="slide" />
            <slidelink slideid="_player.5xAhSjn5KaN.5i0mEVczT6y" displaytext="WhatsApp- expose" expand="false" type="slide" />
            <slidelink slideid="_player.5xAhSjn5KaN.68HVMQPkGY1" displaytext="WhatsApp- about" expand="false" type="slide" />
            <slidelink slideid="_player.5xAhSjn5KaN.5WWYZfQXaBn" displaytext="GA" expand="false" type="slide" />
            <slidelink slideid="_player.5xAhSjn5KaN.5WfMcbl7FBB" displaytext="Siri" expand="false" type="slide" />
            <slidelink slideid="_player.5xAhSjn5KaN.6L9tK43JzQ3" displaytext="GA- about" expand="false" type="slide" />
            <slidelink slideid="_player.5xAhSjn5KaN.68wFriS8Nyd" displaytext="Siri- about" expand="false" type="slide" />
            <slidelink slideid="_player.5xAhSjn5KaN.6R0xSCeYkZF" displaytext="Siri- about" expand="false" type="slide" />
            <slidelink slideid="_player.5xAhSjn5KaN.61aoe8SU0gh" displaytext="Siri- Avoid" expand="false" type="slide" />
            <slidelink slideid="_player.5xAhSjn5KaN.6PQDx8QjJlu" displaytext="Siri- Avoid" expand="false" type="slide" />
            <slidelink slideid="_player.5xAhSjn5KaN.6S5fY7vMrAU" displaytext="Siri- expose" expand="false" type="slide" />
            <slidelink slideid="_player.5xAhSjn5KaN.6h1AlwIqTps" displaytext="Siri- expose" expand="false" type="slide" />
            <slidelink slideid="_player.5xAhSjn5KaN.6K0u72rkcDz" displaytext="GA- expose" expand="false" type="slide" />
            <slidelink slideid="_player.5xAhSjn5KaN.5zTvGexj7nJ" displaytext="GA- about" expand="false" type="slide" />
            <slidelink slideid="_player.5xAhSjn5KaN.5XXCoIIfd7C" displaytext="GA- about" expand="false" type="slide" />
            <slidelink slideid="_player.5xAhSjn5KaN.6hzYB7gBqxw" displaytext="GA- expose" expand="false" type="slide" />
            <slidelink slideid="_player.5xAhSjn5KaN.6MqaeVd5pSR" displaytext="GA- avoid" expand="false" type="slide" />
            <slidelink slideid="_player.5xAhSjn5KaN.6RXWKgZldNZ" displaytext="GA- avoid" expand="false" type="slide" />
            <slidelink slideid="_player.5xAhSjn5KaN.6J0lS8EZ4u8" displaytext="Snapchat- about" expand="false" type="slide" />
            <slidelink slideid="_player.5xAhSjn5KaN.6JJ9ZLAaf7p" displaytext="Snapchat- about" expand="false" type="slide" />
            <slidelink slideid="_player.5xAhSjn5KaN.5spU2RQkLpA" displaytext="Snapchat- expose" expand="false" type="slide" />
            <slidelink slideid="_player.5xAhSjn5KaN.6p7ncKpB1Of" displaytext="Snapchat- avoid" expand="false" type="slide" />
            <slidelink slideid="_player.5xAhSjn5KaN.6rWEEQr5DWK" displaytext="Snapchat- avoid" expand="false" type="slide" />
            <slidelink slideid="_player.5xAhSjn5KaN.5dDpH6ZckVn" displaytext="Snapchat- avoid" expand="false" type="slide" />
            <slidelink slideid="_player.5xAhSjn5KaN.6fddzQdKe2l" displaytext="TikTok" expand="false" type="slide" />
            <slidelink slideid="_player.5xAhSjn5KaN.6P31K8IVzfL" displaytext="TikTok- expose" expand="false" type="slide" />
            <slidelink slideid="_player.5xAhSjn5KaN.5WoKmtGJNzs" displaytext="TikTok- avoid" expand="false" type="slide" />
            <slidelink slideid="_player.5xAhSjn5KaN.5sJut82IVbR" displaytext="TikTok- avoid" expand="false" type="slide" />
            <slidelink slideid="_player.5xAhSjn5KaN.6iCKuS2z8Po" displaytext="TikTok- avoid" expand="false" type="slide" />
          </links>
        </slidelink>
        <slidelink slideid="_player.62pMHrm4DJy" displaytext="Untitled Scene" expand="true" type="slide">
          <links>
            <slidelink slideid="_player.62pMHrm4DJy.6o46k0EANBD" displaytext="PS4" expand="false" type="slide" />
            <slidelink slideid="_player.62pMHrm4DJy.6VUM6IKv3V6" displaytext="Quizzes" expand="false" type="slide" />
            <slidelink slideid="_player.62pMHrm4DJy.6h7BTWBCj3A" displaytext="Fortnite" expand="false" type="slide" />
            <slidelink slideid="_player.62pMHrm4DJy.5ppeHhQOWjG" displaytext="Fortnite- about" expand="false" type="slide" />
            <slidelink slideid="_player.62pMHrm4DJy.6T8DLzA9n7b" displaytext="Fortnite- expose" expand="false" type="slide" />
            <slidelink slideid="_player.62pMHrm4DJy.6YfrU8yJDAr" displaytext="Fortnite- about" expand="false" type="slide" />
            <slidelink slideid="_player.62pMHrm4DJy.6Pmo6WnTLmM" displaytext="Fortnite- about" expand="false" type="slide" />
            <slidelink slideid="_player.62pMHrm4DJy.6Nfcpkm4Ecb" displaytext="Fortnite- expose" expand="false" type="slide" />
            <slidelink slideid="_player.62pMHrm4DJy.5yp5Y2eBMuL" displaytext="Fortnite- expose" expand="false" type="slide" />
            <slidelink slideid="_player.62pMHrm4DJy.5zOSZ6MgOFc" displaytext="Fortnite- avoid" expand="false" type="slide" />
            <slidelink slideid="_player.62pMHrm4DJy.6JI5ficVh8K" displaytext="Fortnite- avoid" expand="false" type="slide" />
            <slidelink slideid="_player.62pMHrm4DJy.6AGYN6BsH0h" displaytext="PS4- about" expand="false" type="slide" />
            <slidelink slideid="_player.62pMHrm4DJy.62ccbJNnye4" displaytext="PS4- expose" expand="false" type="slide" />
            <slidelink slideid="_player.62pMHrm4DJy.6mscW1tZDXG" displaytext="PS4- expose" expand="false" type="slide" />
            <slidelink slideid="_player.62pMHrm4DJy.6gg6f0IdF2f" displaytext="PS4- avoid" expand="false" type="slide" />
            <slidelink slideid="_player.62pMHrm4DJy.67KdBlIqCwR" displaytext="PS4- avoid" expand="false" type="slide" />
            <slidelink slideid="_player.62pMHrm4DJy.5ZZewUdBfxS" displaytext="PS4- avoid" expand="false" type="slide" />
            <slidelink slideid="_player.62pMHrm4DJy.61SVP07pfGp" displaytext="PS4- avoid" expand="false" type="slide" />
            <slidelink slideid="_player.62pMHrm4DJy.6c4WQlJz2Ym" displaytext="PS4- avoid" expand="false" type="slide" />
            <slidelink slideid="_player.62pMHrm4DJy.5uLdIwTbr8C" displaytext="PS4- avoid" expand="false" type="slide" />
            <slidelink slideid="_player.62pMHrm4DJy.6AtxmVlVLsr" displaytext="PS4- about" expand="false" type="slide" />
            <slidelink slideid="_player.62pMHrm4DJy.5vESMtsWi3A" displaytext="Quizzes- about" expand="false" type="slide" />
            <slidelink slideid="_player.62pMHrm4DJy.6CQHrovyAMO" displaytext="Quizzes- about" expand="false" type="slide" />
            <slidelink slideid="_player.62pMHrm4DJy.6Yeri2pCgiU" displaytext="Quizzes- expose" expand="false" type="slide" />
            <slidelink slideid="_player.62pMHrm4DJy.6BxhJjkNodl" displaytext="Quizzes- expose" expand="false" type="slide" />
            <slidelink slideid="_player.62pMHrm4DJy.6eYhz8dDo0d" displaytext="Quizzes- expose" expand="false" type="slide" />
            <slidelink slideid="_player.62pMHrm4DJy.5ZUaS5p9jK2" displaytext="Quizzes- avoid" expand="false" type="slide" />
            <slidelink slideid="_player.62pMHrm4DJy.6Tt6ypCrdpe" displaytext="Quizzes- avoid" expand="false" type="slide" />
          </links>
        </slidelink>
      </links>
    </outline>
  </nav_data>
  <resource_data description="" />
  <transcript_data />
  <glossary_data />
</bwFrame>