﻿<?xml version="1.0" encoding="utf-8"?>
<manifest identifier="_6RodYsJZ9x7_course_id" version="1.0" xmlns="http://www.imsproject.org/xsd/imscp_rootv1p1p2" xmlns:adlcp="http://www.adlnet.org/xsd/adlcp_rootv1p2" xmlns:xsi="http://www.w3.org/2001/XMLSchema-instance" xsi:schemaLocation="http://www.imsproject.org/xsd/imscp_rootv1p1p2 imscp_rootv1p1p2.xsd http://www.imsglobal.org/xsd/imsmd_rootv1p2p1 imsmd_rootv1p2p1.xsd http://www.adlnet.org/xsd/adlcp_rootv1p2 adlcp_rootv1p2.xsd">
  <metadata>
    <schema>ADL SCORM</schema>
    <schemaversion>1.2</schemaversion>
    <lom xmlns="http://www.imsglobal.org/xsd/imsmd_rootv1p2p1" xmlns:xsi="http://www.w3.org/2001/XMLSchema-instance" xsi:schemaLocation="http://www.imsglobal.org/xsd/imsmd_rootv1p2p1 imsmd_rootv1p2p1.xsd">
      <general>
        <title>
          <langstring xml:lang="x-none">Privacy</langstring>
        </title>
      </general>
      <lifecycle>
        <version>
          <langstring xml:lang="x-none">1</langstring>
        </version>
        <status>
          <source>
            <langstring xml:lang="x-none">LOMv1.0</langstring>
          </source>
          <value>
            <langstring xml:lang="x-none">Final</langstring>
          </value>
        </status>
      </lifecycle>
      <metametadata>
        <metadatascheme>ADL SCORM 1.2</metadatascheme>
      </metametadata>
      <educational>
        <typicallearningtime>
          <datetime>PT0H0M0S</datetime>
        </typicallearningtime>
      </educational>
      <rights>
        <cost>
          <source>
            <langstring xml:lang="x-none">LOMv1.0</langstring>
          </source>
          <value>
            <langstring xml:lang="x-none">yes</langstring>
          </value>
        </cost>
        <copyrightandotherrestrictions>
          <source>
            <langstring xml:lang="x-none">LOMv1.0</langstring>
          </source>
          <value>
            <langstring xml:lang="x-none">yes</langstring>
          </value>
        </copyrightandotherrestrictions>
      </rights>
    </lom>
  </metadata>
  <organizations default="Privacy_ORG">
    <organization identifier="Privacy_ORG">
      <title>Privacy</title>
      <item identifier="Privacy_SCO" isvisible="true" identifierref="__6RodYsJZ9x7_course_id_RES">
        <title>Privacy</title>
      </item>
    </organization>
  </organizations>
  <resources>
    <resource identifier="__6RodYsJZ9x7_course_id_RES" type="webcontent" href="index_lms.html" adlcp:scormtype="sco">
      <file href="story_content/thumbnail.jpg" />
      <file href="mobile/6R7vfuAyPDo_80_DX1334_DY1334_CX1000_CY886.png" />
      <file href="mobile/6fxhlrvpBi0_80_DX256_DY256_CX148_CY191.png" />
      <file href="mobile/6Yq3G8FKbWx_80_DX148_DY148_CX85_CY110.png" />
      <file href="mobile/6koNuTnXg4I_80_DX438_DY438_CX328_CY272.jpg" />
      <file href="mobile/6Yq3G8FKbWx_80_R1F497D_DX148_DY148_CX85_CY110.png" />
      <file href="mobile/6YMG11PkwK1_80_DX752_DY752_CX283_CY562.png" />
      <file href="mobile/6klWrGpct6l_80_DX232_DY232_CX78_CY78.png" />
      <file href="mobile/6klWrGpct6l_80_DX232_DY232_CX91_CY91.png" />
      <file href="mobile/5X2WPy6VJO9_80_DX228_DY228_CX79_CY79.png" />
      <file href="mobile/5X2WPy6VJO9_80_DX228_DY228_CX97_CY97.png" />
      <file href="mobile/5zMplTYWcTD_80_DX310_DY310_CX102_CY102.png" />
      <file href="mobile/5zMplTYWcTD_80_DX310_DY310_CX145_CY145.png" />
      <file href="mobile/6Rr4QLS7sqh_80_DX232_DY232_CX78_CY78.png" />
      <file href="mobile/6Rr4QLS7sqh_80_DX232_DY232_CX94_CY94.png" />
      <file href="mobile/69ACLP0xnDZ_80_DX258_DY258_CX69_CY99.png" />
      <file href="mobile/69ACLP0xnDZ_80_DX258_DY258_CX91_CY130.png" />
      <file href="mobile/5oK7ucaaWJ0_80_DX230_DY230_CX78_CY78.jpg" />
      <file href="mobile/5oK7ucaaWJ0_80_DX230_DY230_CX93_CY93.jpg" />
      <file href="mobile/6G41Zm63ekr_80_DX230_DY230_CX78_CY78.png" />
      <file href="mobile/6G41Zm63ekr_80_DX230_DY230_CX93_CY93.png" />
      <file href="mobile/5xpAhB3Kk98_80_DX220_DY220_CX93_CY93.jpg" />
      <file href="mobile/5xpAhB3Kk98_80_DX220_DY220_CX112_CY112.jpg" />
      <file href="mobile/6nn8OtPpNe9_80_DX206_DY206_CX96_CY96.png" />
      <file href="mobile/6nn8OtPpNe9_80_DX206_DY206_CX111_CY111.png" />
      <file href="mobile/5ZTjpOLoQ9r_80_DX286_DY286_CX111_CY111.png" />
      <file href="mobile/5ZTjpOLoQ9r_80_DX286_DY286_CX130_CY130.png" />
      <file href="mobile/5lQywfiXOLE_80_P_0_16_872_503_DX1910_DY1910_CX872_CY504.png" />
      <file href="mobile/5xpAhB3Kk98_80_DX220_DY220_CX153_CY153.jpg" />
      <file href="mobile/6nn8OtPpNe9_80_DX208_DY208_CX156_CY156.png" />
      <file href="mobile/6G41Zm63ekr_80_DX230_DY230_CX172_CY172.png" />
      <file href="mobile/5ZTjpOLoQ9r_80_DX286_DY286_CX214_CY214.png" />
      <file href="mobile/5oK7ucaaWJ0_80_DX230_DY230_CX172_CY172.jpg" />
      <file href="mobile/6SO6qEBM9vj_80_P_0_120_1341_773_DX2048_DY2048_CX1341_CY774.png" />
      <file href="story_content/zoomIcon.png" />
      <file href="mobile/5heNRDEoewA_80_DX750_DY400_CX750_CY400.jpg" />
      <file href="mobile/6DghFdGH9KV_80_DX184_DY184_CX126_CY126.png" />
      <file href="mobile/6DghFdGH9KV_80_DX184_DY184_CX138_CY138.png" />
      <file href="mobile/6Qv4IDx6UMj_80_P_0_72_996_1362_DX391_DY803_CX391_CY803.png" />
      <file href="mobile/5duHW5BIjez_80_P_0_76_996_1595_DX391_DY803_CX391_CY803.png" />
      <file href="mobile/5kbV5jTqMMz_80_DX1036_DY583_CX1036_CY583.jpg" />
      <file href="mobile/5jLstdfqwVs_80_P_0_215_6242_3102_DX2378_DY2378_CX1783_CY886.png" />
      <file href="mobile/6ODX1BDjWJS_80_P_0_0_417_304_DX417_DY430_CX417_CY430.png" />
      <file href="mobile/5zMplTYWcTD_80_DX312_DY312_CX234_CY234.png" />
      <file href="mobile/69ACLP0xnDZ_80_DX260_DY260_CX136_CY194.png" />
      <file href="mobile/6klWrGpct6l_80_DX232_DY232_CX174_CY174.png" />
      <file href="mobile/5X2WPy6VJO9_80_DX230_DY230_CX172_CY172.png" />
      <file href="mobile/6Rr4QLS7sqh_80_DX232_DY232_CX174_CY174.png" />
      <file href="mobile/6ekWZ7IwiRl_80_P_0_0_1337_771_DX2048_DY2048_CX1337_CY772.png" />
      <file href="mobile/5a2kOsMZokT_80_P_0_0_5352_3089_DX2048_DY2048_CX1535_CY886.png" />
      <file href="mobile/6YlwaoXlFyv_80_DX1036_DY525_CX1036_CY525.png" />
      <file href="mobile/68w0zel45VN_80_DX391_DY803_CX391_CY803.jpg" />
      <file href="mobile/5wg8hUZDnbI_80_DX391_DY803_CX391_CY803.jpg" />
      <file href="mobile/6YfKWW786YV_80_DX391_DY803_CX391_CY803.jpg" />
      <file href="mobile/6Mv8MmjZaKX_80_DX391_DY803_CX391_CY803.jpg" />
      <file href="mobile/6lU7Fz2vY7e_80_DX391_DY803_CX391_CY803.jpg" />
      <file href="mobile/6ZqUDIGdmiD_80_DX652_DY652_CX351_CY489.png" />
      <file href="mobile/635Epsx3i71_80_DX497_DY803_CX497_CY803.png" />
      <file href="mobile/5XidJG0j7be_80_DX700_DY671_CX700_CY671.jpg" />
      <file href="mobile/6fQfq34iE8a_80_P_0_12_360_302_DX360_DY315_CX360_CY315.png" />
      <file href="mobile/5fVZwFYmoBY_80_DX1036_DY468_CX1036_CY468.png" />
      <file href="mobile/5mxO3pZjLjR_80_DX1036_DY238_CX1036_CY238.png" />
      <file href="mobile/5hQBTswcJot_80_DX970_DY585_CX970_CY585.png" />
      <file href="mobile/5tFHj3LV4R4_80_DX676_DY676_CX338_CY199.png" />
      <file href="mobile/5mSv9CNPcVa_80_P_0_0_996_1340_DX391_DY803_CX391_CY803.png" />
      <file href="mobile/5gkANUkcHXH_80_DX150_DY150_CX90_CY111.png" />
      <file href="mobile/6ecTCCL9hV4_80_DX166_DY166_CX124_CY124.png" />
      <file href="mobile/6DrHe4iJrm0_80_DX200_DY200_CX87_CY150.png" />
      <file href="mobile/6i3jjjZJCV4_80_DX1036_DY242_CX1036_CY242.png" />
      <file href="mobile/6j4jjxSzqXS_80_DX1036_DY396_CX1036_CY396.jpg" />
      <file href="mobile/6ZvR1TWr6w8_80_DX782_DY694_CX782_CY694.png" />
      <file href="mobile/5akHp8YQzOx_80_P_252_0_241_421_DX1486_DY1486_CX242_CY421.png" />
      <file href="mobile/6LyHCrt8uK0_80_DX808_DY803_CX808_CY803.jpg" />
      <file href="mobile/6M7B9fJgUPL_80_DX242_DY419_CX242_CY419.png" />
      <file href="mobile/6Slw5DVqgAL_80_P_0_64_996_856_DX391_DY803_CX391_CY803.png" />
      <file href="mobile/6Lsc8gM9Mfz_80_P_0_76_995_484_DX1536_DY1536_CX561_CY273.png" />
      <file href="mobile/5vRrogci7oH_80_P_0_85_995_805_DX391_DY803_CX391_CY803.png" />
      <file href="mobile/5s61E2S4Wax_80_P_0_74_995_1525_DX391_DY803_CX391_CY803.png" />
      <file href="mobile/6SwVUCm7RR1_80_DX1064_DY1064_CX798_CY798.png" />
      <file href="mobile/6b1YPPsPeEp_80_P_76_0_1097_633_DX2236_DY2236_CX1098_CY633.png" />
      <file href="mobile/6PqYQdkGZ41_80_P_229_0_229_300_DX458_DY300_CX458_CY300.png" />
      <file href="mobile/6VyfzyZQ1tF_80_P_0_0_946_1101_DX371_DY803_CX371_CY803.png" />
      <file href="mobile/5qETHBpqoCy_80_DX800_DY511_CX800_CY511.jpg" />
      <file href="mobile/6lV63j6yye7_80_DX1036_DY583_CX1036_CY583.jpg" />
      <file href="mobile/5aH7iWotZI6_80_P_0_246_400_464_DX400_DY711_CX400_CY711.png" />
      <file href="mobile/5jvoQVb2qQ2_80_DX767_DY600_CX767_CY600.jpg" />
      <file href="mobile/6hEhxBQ7TIo_80_P_373_0_440_600_DX1036_DY518_CX1036_CY518.png" />
      <file href="mobile/5c7V9d74Rea_80_DX840_DY329_CX840_CY329.png" />
      <file href="mobile/65xEwoGHNLV_80_DX1036_DY774_CX1036_CY774.png" />
      <file href="mobile/5xBEGDPMb09_80_P_0_77_996_557_DX391_DY803_CX391_CY803.png" />
      <file href="mobile/6Qv4IDx6UMj_80_P_0_113_996_966_DX391_DY803_CX391_CY803.png" />
      <file href="mobile/6jHvNVE97v0_80_DX600_DY401_CX600_CY401.png" />
      <file href="mobile/5aZFdN23GBR_80_P_0_392_5382_3106_DX2048_DY2048_CX1535_CY886.png" />
      <file href="mobile/5lUu1FUeeN7_80_DX1388_DY1388_CX1040_CY886.png" />
      <file href="mobile/6iu3ToyIgXE_80_P_0_0_995_575_DX2054_DY2054_CX996_CY575.png" />
      <file href="mobile/6aKm7qLP4k3_80_DX1036_DY588_CX1036_CY588.png" />
      <file href="mobile/5wbevDUwRzd_80_DX400_DY400_CX200_CY200.png" />
      <file href="mobile/6R6qWjXyiHm_80_DX282_DY282_CX200_CY200.png" />
      <file href="mobile/6Fjg0KqpTsD_80_DX260_DY260_CX195_CY195.png" />
      <file href="story_content/5nMMe73vwF8.html" />
      <file href="mobile/5nMMe73vwF86MX3ZZntewv{Width=650.2823, Height=365.7838}Light_80_DX1300_DY1300_CX650_CY366.jpg" />
      <file href="mobile/5owAv09IkmE_80_DX1036_DY631_CX1036_CY631.png" />
      <file href="mobile/5buYmESXsgX_80_DX128_DY128_CX96_CY96.png" />
      <file href="mobile/6hQFwUpFdG8_80_DX1036_DY504_CX1036_CY504.png" />
      <file href="mobile/5YaKz7wTPtm_80_DX886_DY886_CX664_CY101.png" />
      <file href="mobile/6kfz9EulNar_80_DX1036_DY583_CX1036_CY583.jpg" />
      <file href="mobile/6iisFSY5DL3_80_DX1036_DY583_CX1036_CY583.jpg" />
      <file href="mobile/6abRhhzXnhQ_80_DX1312_DY1312_CX656_CY137.png" />
      <file href="mobile/5llgr4747Vr_80_DX435_DY519_CX435_CY519.png" />
      <file href="mobile/5sJsIDHa4dF_80_DX824_DY824_CX339_CY443.png" />
      <file href="mobile/66LXWmCWIIf_80_DX763_DY534_CX763_CY534.png" />
      <file href="mobile/5YAzDcFt1fW_80_DX366_DY544_CX366_CY544.jpg" />
      <file href="mobile/6FwBeXss59V_80_DX1000_DY1000_CX500_CY250.png" />
      <file href="mobile/65sPDricmOw_80_DX1036_DY583_CX1036_CY583.jpg" />
      <file href="mobile/5gO7NJy9ebR_80_DX640_DY360_CX640_CY360.jpg" />
      <file href="mobile/6VYkmXmSMBA_80_DX685_DY803_CX685_CY803.jpg" />
      <file href="mobile/6W47ma4kfI5_80_DX964_DY670_CX964_CY670.jpg" />
      <file href="mobile/5tFHj3LV4R4_80_DX338_DY199_CX338_CY199.png" />
      <file href="story_content/video_5YEstCS41IM_22_48_574x322.mp4" />
      <file href="mobile/video_5YEstCS41IM_22_48_574x322.jpg" />
      <file href="meta.xml" />
      <file href="story_content/user.js" />
      <file href="mobile/Shape63vT2OVssNa.png" />
      <file href="mobile/Shape6lk6nNARUqV.png" />
      <file href="mobile/Shape6BqmyXp07QS.png" />
      <file href="mobile/Shape6Zn3GPradGU.png" />
      <file href="mobile/Shape6gkOSwhwBWq.png" />
      <file href="mobile/Shape5dBzn3EG0gO.png" />
      <file href="mobile/Shape6d9eIXoz5eI.png" />
      <file href="mobile/Shape6Gb6mHuMWUj.png" />
      <file href="mobile/Shape6hFViZw8fv4.png" />
      <file href="mobile/Shape66DPdVSkg8I.png" />
      <file href="mobile/Shape6X0DTi8zQ9O.png" />
      <file href="mobile/Shape5bmdn47rFjX.png" />
      <file href="mobile/Shape6oJ8MvnyUOF.png" />
      <file href="mobile/Shape6dMZ50DmPU9.png" />
      <file href="mobile/Shape5bdGocll7LF.png" />
      <file href="mobile/Shape6Xd3b5xEjsm.png" />
      <file href="mobile/Shape68aAP9Rw9uJ.png" />
      <file href="mobile/Shape6m1LOM9WyBN.png" />
      <file href="mobile/Shape5ueeJ6N86VL.png" />
      <file href="mobile/Shape6MQUztinn3D.png" />
      <file href="mobile/Shape6F8Y8dYnvc3.png" />
      <file href="mobile/Shape5bArPZu0dUc.png" />
      <file href="mobile/Shape6l88l7X6tW6.png" />
      <file href="mobile/Shape67YRVjVnfd7.png" />
      <file href="mobile/Shape5lTFb2KIhkX.png" />
      <file href="mobile/Shape6INt0du5VB0.png" />
      <file href="mobile/Shape6Fho6rK5Rpf.png" />
      <file href="mobile/Shape6oZ1hQJTZJs.png" />
      <file href="mobile/Shape5fcGmxjAMZl.png" />
      <file href="mobile/Shape5hRL7UT97Cj.png" />
      <file href="mobile/Shape5cRNqpkhOj4.png" />
      <file href="mobile/Shape6QSe81i1bOq.png" />
      <file href="mobile/Shape5nVmaETydWW.png" />
      <file href="mobile/Shape6UBo2r18tfV.png" />
      <file href="mobile/Shape6M7jnOV1FqT.png" />
      <file href="mobile/Shape5aa6vkBYTT7.png" />
      <file href="mobile/Shape5nrrFAZR8sX.png" />
      <file href="mobile/Shape5jGmfjjpSn1.png" />
      <file href="mobile/Shape5ax5kFqKmgJ.png" />
      <file href="mobile/Shape6f15BBLBzf2.png" />
      <file href="mobile/Shape6cRucHoxX1o.png" />
      <file href="mobile/Shape6cZ2HPNMVPb.png" />
      <file href="mobile/Shape5mrICyVGpWC.png" />
      <file href="mobile/Shape6D4SbIvCaXS.png" />
      <file href="mobile/Shape63PZAvcEU5C.png" />
      <file href="mobile/Shape6gM6MY5lNEJ.png" />
      <file href="mobile/Shape5xHWd9X9juu.png" />
      <file href="mobile/Shape5o0eoxETmk6.png" />
      <file href="mobile/Shape5rYHfHU7muq.png" />
      <file href="mobile/Shape6nzuFXxTdqN.png" />
      <file href="mobile/Shape6SnWeK3SV4t.png" />
      <file href="mobile/Shape6k3HE7ycJ3X.png" />
      <file href="mobile/Shape6YooKL19aHr.png" />
      <file href="mobile/Shape5nu1RoZWmlI.png" />
      <file href="mobile/Shape6Fb4DeOFfKe.png" />
      <file href="mobile/Shape5xYoqUIRs6N.png" />
      <file href="mobile/Shape5lR1REjNNqI.png" />
      <file href="mobile/Shape6WxlCcEBVoe.png" />
      <file href="mobile/Shape644aoe15CcY.png" />
      <file href="mobile/Shape5fSaa1JqEcE.png" />
      <file href="mobile/Shape5nHWzeTQZWU.png" />
      <file href="mobile/Shape65pTpUx94Tq.png" />
      <file href="mobile/Shape6Kst6hElhVf.png" />
      <file href="mobile/Shape6ok2asc3goi.png" />
      <file href="mobile/Shape5gIbxYAUJET.png" />
      <file href="mobile/Shape5VRN135doB1.png" />
      <file href="mobile/Shape5fzC7KM40lm.png" />
      <file href="mobile/Shape6CwILpwDdgt.png" />
      <file href="mobile/Shape61cjcQFvFkJ.png" />
      <file href="mobile/Shape5re3TzxdiIR.png" />
      <file href="mobile/Shape5WqhNcUNaTv.png" />
      <file href="mobile/Shape5eQlKOvpfkx.png" />
      <file href="mobile/Shape6SjFkMp6BuA.png" />
      <file href="mobile/Shape67FJmAMwRrW.png" />
      <file href="mobile/Shape5Y70Redmrm2.png" />
      <file href="mobile/Shape6UMMJ07RqQg.png" />
      <file href="mobile/Shape5it2Z3HbLnz.png" />
      <file href="mobile/Shape6QyPXNq62Oe.png" />
      <file href="mobile/Shape6aY5pjT9qrv.png" />
      <file href="mobile/Shape6pByUqNkJvk.png" />
      <file href="mobile/Shape5lyDsAi2Le3.png" />
      <file href="mobile/Shape5jKGAzPoDBO.png" />
      <file href="mobile/Shape5wB4L2zOdPP.png" />
      <file href="mobile/Shape5zIjWUtBv52.png" />
      <file href="mobile/Shape69UGKv22DDu.png" />
      <file href="mobile/Shape5Wb8y6jwDIs.png" />
      <file href="mobile/Shape5oItrjJivPG.png" />
      <file href="mobile/Shape6imMcG2oxUK.png" />
      <file href="mobile/Shape6PPHSfXyT5T.png" />
      <file href="mobile/Shape69N0fpVEwzK.png" />
      <file href="mobile/Shape5ucaN5fsETp.png" />
      <file href="mobile/Shape68RjxGWEhVH.png" />
      <file href="mobile/Shape6TMjvCSqRoj.png" />
      <file href="mobile/Shape6km9417nMnm.png" />
      <file href="mobile/Shape6Rb1liOM9Df.png" />
      <file href="mobile/Shape5u2T08Rgg1n.png" />
      <file href="mobile/Shape5Xyjpr2rJcV.png" />
      <file href="mobile/Shape5mpXIjlRBdB.png" />
      <file href="mobile/Shape5f1RkVUcami.png" />
      <file href="mobile/Shape68sUzIisz0h.png" />
      <file href="mobile/Shape6KECfF1jxud.png" />
      <file href="mobile/Shape6JXG7Ov6W7o.png" />
      <file href="mobile/Shape6BBs6s5GKEm.png" />
      <file href="mobile/Shape5kkbI9LEdPO.png" />
      <file href="mobile/Shape6raDs3BM8RU.png" />
      <file href="mobile/Shape698nxZOWjKA.png" />
      <file href="mobile/Shape6ZKq9v7R0Ul.png" />
      <file href="mobile/Shape6EXf5rQBBPT.png" />
      <file href="mobile/Shape649j2WrIf8J.png" />
      <file href="mobile/Shape5xleNUEmIx1.png" />
      <file href="mobile/Shape60fqgutSa9S.png" />
      <file href="mobile/Shape6CvTVgWz2Mv.png" />
      <file href="mobile/Shape6HXlr2A4xZa.png" />
      <file href="mobile/Shape6eO0TkUPWnW.png" />
      <file href="mobile/Shape6GqETZvlcSF.png" />
      <file href="mobile/Shape69FpYuR5vEF.png" />
      <file href="mobile/Shape5eQrePK1XLf.png" />
      <file href="mobile/Shape6VMzBPzWWOh.png" />
      <file href="mobile/Shape5tpdpkV4hzv.png" />
      <file href="mobile/Shape6KEBg5SbOG9.png" />
      <file href="mobile/Shape6A73AXvdLgC.png" />
      <file href="mobile/Shape6MGmZWFkYDX.png" />
      <file href="mobile/Shape6kZ2e9J06Yh.png" />
      <file href="mobile/Shape5r4TraOmeQT.png" />
      <file href="mobile/Shape6bahwnRE16a.png" />
      <file href="mobile/Shape6H0LKclakJp.png" />
      <file href="mobile/Shape6DDZIjApNJI.png" />
      <file href="mobile/Shape5yM2day3rfN.png" />
      <file href="mobile/Shape6030P4Xq0j1.png" />
      <file href="mobile/Shape6Bd1cLePCRQ.png" />
      <file href="mobile/Shape6KWwtWhUMrw.png" />
      <file href="mobile/Shape5ZAwYIM7UyA.png" />
      <file href="mobile/Shape5VYReX2vAYF.png" />
      <file href="mobile/Shape6XEQqvN1utO.png" />
      <file href="mobile/Shape6W394nPAa77.png" />
      <file href="mobile/Shape5uubWsf1aZl.png" />
      <file href="mobile/Shape5VajG2bOuM4.png" />
      <file href="mobile/Shape6aazHmBLOcq.png" />
      <file href="mobile/Shape5nEjhxYnGRO.png" />
      <file href="mobile/Shape5sJtEiPMarL.png" />
      <file href="mobile/Shape6hWMsghHuwg.png" />
      <file href="mobile/Shape62zrbC8of8S.png" />
      <file href="mobile/Shape69rXlptzUV8.png" />
      <file href="mobile/Shape6EFcrRKD5nE.png" />
      <file href="mobile/Shape5aMs1LFizaJ.png" />
      <file href="mobile/Shape6mqvh7w3YRI.png" />
      <file href="mobile/Shape5uA127c4Fp8.png" />
      <file href="mobile/Shape5nxS5Yr2RL3.png" />
      <file href="mobile/Shape5mo1revrYSw.png" />
      <file href="mobile/Shape64jd6lbrzXx.png" />
      <file href="mobile/Shape6WmTTM5zP82.png" />
      <file href="mobile/Shape6pjyyjQZkam.png" />
      <file href="mobile/Shape63smsHSSrw5.png" />
      <file href="mobile/Shape6Z39AHvmFf5.png" />
      <file href="mobile/Shape6B1FzQZ5ckN.png" />
      <file href="mobile/Shape5x0M0GJBFwt.png" />
      <file href="mobile/Shape6d02QZCYKXR.png" />
      <file href="mobile/Shape6PNV7Mdk6UM.png" />
      <file href="mobile/Shape63tmUxPRxpp.png" />
      <file href="mobile/Shape5WDfF35mbLb.png" />
      <file href="mobile/Shape6hspQD6MqBk.png" />
      <file href="mobile/Shape6VjkWa78oWp.png" />
      <file href="mobile/Shape5rYQtcFHFSQ.png" />
      <file href="mobile/Shape5ZYVsuXO7ip.png" />
      <file href="mobile/Shape6ewtg2cPg9C.png" />
      <file href="mobile/Shape5hF3OZIqN33.png" />
      <file href="mobile/Shape6cotyjZELyy.png" />
      <file href="mobile/Shape6pvJQyy97ZO.png" />
      <file href="mobile/Shape5hMqCybi0Hu.png" />
      <file href="mobile/Shape5VLwDCrfR1l.png" />
      <file href="mobile/Shape669vbfr5dhs.png" />
      <file href="mobile/Shape5Z4BmTA5e14.png" />
      <file href="mobile/Shape5t12weU25zj.png" />
      <file href="mobile/Shape6mPxfeaKmff.png" />
      <file href="mobile/Shape6R64ZoAtw7V.png" />
      <file href="mobile/Shape63SdPeRy1wq.png" />
      <file href="mobile/Shape6m8yaw2ySKw.png" />
      <file href="mobile/Shape6VwBw5X2u36.png" />
      <file href="mobile/Shape5ec3itju1xg.png" />
      <file href="mobile/Shape5gPSLJhEmjF.png" />
      <file href="mobile/Shape5ZMis9dEh5J.png" />
      <file href="mobile/Shape6KZwwVWO6rc.png" />
      <file href="mobile/Shape5Xrk2XWTwQV.png" />
      <file href="mobile/Shape68CLR24NeNQ.png" />
      <file href="mobile/Shape6WxJEhvfN4D.png" />
      <file href="mobile/Shape5g8tLldJOiw.png" />
      <file href="mobile/Shape5kfopwsBgq3.png" />
      <file href="mobile/Shape6pXAeJW855u.png" />
      <file href="mobile/Shape62jbtl6EIx9.png" />
      <file href="mobile/Shape6XX6UDzN50Y.png" />
      <file href="mobile/Shape67T8HfqfbTo.png" />
      <file href="mobile/Shape6pDKwxFNmXT.png" />
      <file href="mobile/Shape5fr7KuYW81s.png" />
      <file href="mobile/Shape5b9Ub622v3M.png" />
      <file href="mobile/Shape6bAWqRNQ7ED.png" />
      <file href="mobile/Shape5pw7NDb5rzJ.png" />
      <file href="mobile/Shape5YiKUe5muYn.png" />
      <file href="mobile/Shape614OyJdOW6c.png" />
      <file href="mobile/Shape5dqwuSKzbzY.png" />
      <file href="mobile/Shape66pmRR2G9xw.png" />
      <file href="mobile/Shape5yZ0NyRDBzt.png" />
      <file href="mobile/Shape6Y7lkHOZc5i.png" />
      <file href="mobile/Shape6QrjiYJxorO.png" />
      <file href="mobile/Shape6Raq9tGoREf.png" />
      <file href="mobile/Shape5Z6UcAtXJ1A.png" />
      <file href="mobile/Shape6YlDHCAQJRL.png" />
      <file href="mobile/Shape6IOEDKHpRnc.png" />
      <file href="mobile/Shape5zPjQzfH0ty.png" />
      <file href="mobile/Shape6gR0NvZmd4x.png" />
      <file href="mobile/Shape6Jxubrks9GV.png" />
      <file href="mobile/Shape5tRE5bo9AQv.png" />
      <file href="mobile/Shape61whtw9GRWE.png" />
      <file href="mobile/Shape6TNWLfGlHJl.png" />
      <file href="mobile/Shape5bA7GTPqEZb.png" />
      <file href="mobile/Shape64oeFIJpYaf.png" />
      <file href="mobile/Shape5kBMQPbGbPg.png" />
      <file href="mobile/Shape5xnh35jAJS4.png" />
      <file href="mobile/Shape6i5zG3CaBzQ.png" />
      <file href="mobile/Shape6URsYMZqiOA.png" />
      <file href="mobile/Shape5nLO0wrDzdd.png" />
      <file href="mobile/Shape5pL4kUkMVJR.png" />
      <file href="mobile/Shape5rjZ9rWXP9B.png" />
      <file href="mobile/Shape6ApHgncSgZn.png" />
      <file href="mobile/Shape5kn8h9qGVqd.png" />
      <file href="mobile/Shape5UqlSKkjboE.png" />
      <file href="mobile/Shape5cLucSYSqb5.png" />
      <file href="mobile/Shape5yxvvRda1gK.png" />
      <file href="mobile/Shape61aq0gjgVBa.png" />
      <file href="mobile/Shape5kY7vBdolyv.png" />
      <file href="mobile/Shape5uMOgibINPZ.png" />
      <file href="mobile/Shape5wvj3ND1ZUa.png" />
      <file href="mobile/Shape6rUDysjNrLy.png" />
      <file href="mobile/Shape5V7HX4et7b1.png" />
      <file href="mobile/Shape6aK0UM71qBx.png" />
      <file href="mobile/Shape6Kn6XVXrjo4.png" />
      <file href="mobile/Shape6X8ojrIBu0H.png" />
      <file href="mobile/Shape6Ji0B5quiQe.png" />
      <file href="mobile/Shape5esc4ZYZzlj.png" />
      <file href="mobile/Shape5jcN8aWT5Ie.png" />
      <file href="mobile/Shape6HEebqYLwGO.png" />
      <file href="mobile/Shape5XQUlpgeUUX.png" />
      <file href="mobile/Shape6FbTIqWfp0W.png" />
      <file href="mobile/Shape5tXRxJwK07d.png" />
      <file href="mobile/Shape5xjb9xDRuk6.png" />
      <file href="mobile/Shape5hBhmy26tl8.png" />
      <file href="mobile/Shape6p1Je8P3T4q.png" />
      <file href="mobile/Shape65YNKhiaZ9n.png" />
      <file href="html5/data/css/output.min.css" />
      <file href="html5/data/js/5a7hdoz5GbX.js" />
      <file href="html5/data/js/5bFr1eMYanY.js" />
      <file href="html5/data/js/5dDpH6ZckVn.js" />
      <file href="html5/data/js/5eh0Bebl4Wc.js" />
      <file href="html5/data/js/5erk9Hjp2wF.js" />
      <file href="html5/data/js/5eWdQzjrvbj.js" />
      <file href="html5/data/js/5fiCW0NRvbS.js" />
      <file href="html5/data/js/5fiSLsib8HA.js" />
      <file href="html5/data/js/5i0mEVczT6y.js" />
      <file href="html5/data/js/5jY1OMyCAmJ.js" />
      <file href="html5/data/js/5l8YwcSlrSX.js" />
      <file href="html5/data/js/5ppeHhQOWjG.js" />
      <file href="html5/data/js/5sJut82IVbR.js" />
      <file href="html5/data/js/5spU2RQkLpA.js" />
      <file href="html5/data/js/5txmzlzG71a.js" />
      <file href="html5/data/js/5ubEjng9cOD.js" />
      <file href="html5/data/js/5uLdIwTbr8C.js" />
      <file href="html5/data/js/5VADkNG3eHB.js" />
      <file href="html5/data/js/5vESMtsWi3A.js" />
      <file href="html5/data/js/5WfMcbl7FBB.js" />
      <file href="html5/data/js/5WoKmtGJNzs.js" />
      <file href="html5/data/js/5WWYZfQXaBn.js" />
      <file href="html5/data/js/5XXCoIIfd7C.js" />
      <file href="html5/data/js/5yp5Y2eBMuL.js" />
      <file href="html5/data/js/5YZpNNRqOpk.js" />
      <file href="html5/data/js/5zOSZ6MgOFc.js" />
      <file href="html5/data/js/5zTvGexj7nJ.js" />
      <file href="html5/data/js/5ZUaS5p9jK2.js" />
      <file href="html5/data/js/5ZZewUdBfxS.js" />
      <file href="html5/data/js/61aoe8SU0gh.js" />
      <file href="html5/data/js/61r9d2TTw7S.js" />
      <file href="html5/data/js/61SVP07pfGp.js" />
      <file href="html5/data/js/61w1WQPfsi1.js" />
      <file href="html5/data/js/62ccbJNnye4.js" />
      <file href="html5/data/js/62xkc7VhPTf.js" />
      <file href="html5/data/js/637vr00RFPt.js" />
      <file href="html5/data/js/66nwENKPwBU.js" />
      <file href="html5/data/js/67KdBlIqCwR.js" />
      <file href="html5/data/js/68CMSzagYw1.js" />
      <file href="html5/data/js/68HVMQPkGY1.js" />
      <file href="html5/data/js/68urLFiGIsZ.js" />
      <file href="html5/data/js/68wFriS8Nyd.js" />
      <file href="html5/data/js/69DNS48ci8g.js" />
      <file href="html5/data/js/69UOkWPEyYt.js" />
      <file href="html5/data/js/6Af8zyuagtb.js" />
      <file href="html5/data/js/6AGYN6BsH0h.js" />
      <file href="html5/data/js/6AtxmVlVLsr.js" />
      <file href="html5/data/js/6BxhJjkNodl.js" />
      <file href="html5/data/js/6c4WQlJz2Ym.js" />
      <file href="html5/data/js/6CHQmtCynlo.js" />
      <file href="html5/data/js/6CQHrovyAMO.js" />
      <file href="html5/data/js/6cxHQwv4dye.js" />
      <file href="html5/data/js/6eYhz8dDo0d.js" />
      <file href="html5/data/js/6fddzQdKe2l.js" />
      <file href="html5/data/js/6gg6f0IdF2f.js" />
      <file href="html5/data/js/6h1AlwIqTps.js" />
      <file href="html5/data/js/6h7BTWBCj3A.js" />
      <file href="html5/data/js/6hzYB7gBqxw.js" />
      <file href="html5/data/js/6IblTEipFcI.js" />
      <file href="html5/data/js/6ic03lVkEct.js" />
      <file href="html5/data/js/6iCKuS2z8Po.js" />
      <file href="html5/data/js/6iLzp0X2XHy.js" />
      <file href="html5/data/js/6J0lS8EZ4u8.js" />
      <file href="html5/data/js/6JhlK3G5M0G.js" />
      <file href="html5/data/js/6JI5ficVh8K.js" />
      <file href="html5/data/js/6JJ9ZLAaf7p.js" />
      <file href="html5/data/js/6Ju0DhqX371.js" />
      <file href="html5/data/js/6K0u72rkcDz.js" />
      <file href="html5/data/js/6K7DE9Xr2ub.js" />
      <file href="html5/data/js/6L77NTKX1CR.js" />
      <file href="html5/data/js/6L9tK43JzQ3.js" />
      <file href="html5/data/js/6LcSD4HjsCz.js" />
      <file href="html5/data/js/6mLmA6q0cmq.js" />
      <file href="html5/data/js/6MqaeVd5pSR.js" />
      <file href="html5/data/js/6mscW1tZDXG.js" />
      <file href="html5/data/js/6N35WtjX3Iv.js" />
      <file href="html5/data/js/6Nfcpkm4Ecb.js" />
      <file href="html5/data/js/6o46k0EANBD.js" />
      <file href="html5/data/js/6oLGldK74it.js" />
      <file href="html5/data/js/6OlsZxz49nt.js" />
      <file href="html5/data/js/6P31K8IVzfL.js" />
      <file href="html5/data/js/6p3ZJkc7c6R.js" />
      <file href="html5/data/js/6p7ncKpB1Of.js" />
      <file href="html5/data/js/6Pmo6WnTLmM.js" />
      <file href="html5/data/js/6PQDx8QjJlu.js" />
      <file href="html5/data/js/6PvUP7RWcLj.js" />
      <file href="html5/data/js/6R0xSCeYkZF.js" />
      <file href="html5/data/js/6rWEEQr5DWK.js" />
      <file href="html5/data/js/6RXWKgZldNZ.js" />
      <file href="html5/data/js/6S5fY7vMrAU.js" />
      <file href="html5/data/js/6T8DLzA9n7b.js" />
      <file href="html5/data/js/6TDqz0YxPbl.js" />
      <file href="html5/data/js/6Tt6ypCrdpe.js" />
      <file href="html5/data/js/6TYSbXyvHxp.js" />
      <file href="html5/data/js/6VUM6IKv3V6.js" />
      <file href="html5/data/js/6WtaiSr9DWr.js" />
      <file href="html5/data/js/6YdZ1PdsI8W.js" />
      <file href="html5/data/js/6Yeri2pCgiU.js" />
      <file href="html5/data/js/6YfrU8yJDAr.js" />
      <file href="html5/data/js/6ZZhlab2gSy.js" />
      <file href="html5/data/js/data.js" />
      <file href="html5/data/js/frame.js" />
      <file href="html5/data/js/paths.js" />
      <file href="html5/lib/scripts/app.min.js" />
      <file href="html5/lib/stylesheets/main.min.css" />
      <file href="html5/lib/stylesheets/mobile-fonts/open-sans-bold.woff" />
      <file href="html5/lib/stylesheets/mobile-fonts/open-sans-light.woff" />
      <file href="html5/lib/stylesheets/mobile-fonts/open-sans-regular.woff" />
      <file href="story.html" />
      <file href="story_html5.html" />
      <file href="analytics-frame.html" />
      <file href="story_content/blank.html" />
      <file href="story_content/story.js" />
      <file href="index_lms.html" />
      <file href="index_lms_html5.html" />
      <file href="lms/AICCComm.html" />
      <file href="lms/AICCFunctions.js" />
      <file href="lms/API.js" />
      <file href="lms/APIConstants.js" />
      <file href="lms/blank.html" />
      <file href="lms/browsersniff.js" />
      <file href="lms/Configuration.js" />
      <file href="lms/goodbye.html" />
      <file href="lms/lms.js" />
      <file href="lms/LMSAPI.js" />
      <file href="lms/NONEFunctions.js" />
      <file href="lms/SCORM2004Functions.js" />
      <file href="lms/SCORMFunctions.js" />
      <file href="lms/UtilityFunctions.js" />
    </resource>
  </resources>
</manifest>